{
  "llm_sweep": {
    "0.0": 0.6202020202020202,
    "0.02": 0.6222222222222222,
    "0.05": 0.6262626262626263,
    "0.1": 0.6222222222222222,
    "0.15": 0.6131313131313131,
    "0.2": 0.6080808080808081,
    "0.3": 0.6,
    "0.5": 0.5828282828282828
  },
  "llm_best_lift_pct": 0.977,
  "noise_best_lift_pct_mean": 0.358,
  "noise_best_lift_pct_sd": 0.299,
  "n_seeds": 5
}